{
  "train_loss": [
    0.4405361790119148
  ],
  "train_accuracy": [
    72.75069172788857
  ],
  "val_loss": [
    0.47368416643661
  ],
  "val_accuracy": [
    72.01754385964912
  ],
  "val_f1": [
    77.26948838534986
  ],
  "val_auc": [
    79.18931524175083
  ]
}