{
  "train_loss": [
    0.5147423149518123,
    0.48357936176584987,
    0.4473047398666783,
    0.43846608141846044,
    0.436573869298871,
    0.44939708023718217,
    0.44330010785743956,
    0.44161115663989287,
    0.442635667919204,
    0.4510598960900452,
    0.44626747544218853,
    0.45578228875358656,
    0.4445468121003814,
    0.45253075509354834,
    0.4525889802451541,
    0.44948123122860745,
    0.45608592165134304,
    0.45303985953512715,
    0.4517654333513503,
    0.4488785370457463,
    0.451635684772599,
    0.455018902788075,
    0.45165027900621657,
    0.45004701907405764,
    0.4514362691651757,
    0.4501639587304941,
    0.4512712944798717,
    0.44663200831813055,
    0.44809004705308414,
    0.44750045662427823,
    0.4474306126556745,
    0.4457383315283351,
    0.44368986533273286,
    0.4451536685001196,
    0.4429455364986164,
    0.44426231213459155,
    0.44430850044165443,
    0.44719048923381216,
    0.4444182574203828,
    0.44516264647245407,
    0.44745088688938356,
    0.44725811713170716,
    0.445220557382194,
    0.44412970965410153,
    0.442883900298578,
    0.44530735133079496,
    0.4442182763638656,
    0.4415392297342783,
    0.4462210928975809,
    0.44461661718058876
  ],
  "train_accuracy": [
    64.93655185573895,
    68.75298158572656,
    72.56941131571415,
    73.21820436981204,
    73.14664631237477,
    71.68209140349204,
    72.78885602518844,
    72.56941131571415,
    72.83656139681328,
    71.77750214674172,
    72.89857837992558,
    71.43402347104283,
    72.78885602518844,
    72.3356549947524,
    71.97786470756607,
    71.97786470756607,
    71.46264669401775,
    71.78227268390421,
    71.75841999809178,
    72.32134338326496,
    71.61530388321725,
    71.19549661291862,
    71.849060204179,
    72.1209808224406,
    72.11621028527813,
    72.34996660623986,
    72.02079954202843,
    72.29749069745253,
    72.03988169067837,
    72.5503291670642,
    72.0923575994657,
    72.39290144070222,
    72.6123461501765,
    72.3070317717775,
    72.77931495086347,
    72.84133193397577,
    72.33088445758993,
    72.05896383932831,
    72.47877110962695,
    72.20207995420284,
    72.19253887987787,
    72.2784085488026,
    72.23547371434023,
    72.4310657380021,
    72.72206850491365,
    72.41198358935216,
    72.56464077855166,
    72.81747924816334,
    72.22593264001526,
    72.69344528193875
  ],
  "val_loss": [
    0.4806716958681742,
    0.4814694712559382,
    0.47295221504237916,
    0.5027135525312688,
    0.497757062729862,
    0.4994759088589085,
    0.489439484063122,
    0.4845768520401584,
    0.47661940571334627,
    0.4727100175287988,
    0.46437967585192785,
    0.4717921196586556,
    0.467427310678694,
    0.4659783741666211,
    0.45957367850674524,
    0.45737421578831144,
    0.4550013778938187,
    0.45528078029553093,
    0.45303760088152356,
    0.45149413413471645,
    0.45270408342281976,
    0.45289119366142483,
    0.45084464649359385,
    0.4524659693241119,
    0.45545336769686806,
    0.45483035494883856,
    0.4540334064099524,
    0.45413603600528507,
    0.4579912566476398,
    0.4595223912762271,
    0.4586935492025481,
    0.45710529800918365,
    0.45937806359595723,
    0.4589895673924022,
    0.46182547584176065,
    0.4586473966638247,
    0.4581089697778225,
    0.4559862438175413,
    0.4555879064732128,
    0.45878322000304855,
    0.45922515276405546,
    0.4586063414812088,
    0.4577245343890455,
    0.45754881302515665,
    0.45847435866792996,
    0.4575863169299232,
    0.4576432486375173,
    0.4573662310010857,
    0.456480062339041,
    0.45648540920681424
  ],
  "val_accuracy": [
    70.03508771929825,
    69.57894736842105,
    70.14035087719299,
    68.33333333333333,
    68.50877192982456,
    68.12280701754386,
    69.03508771929825,
    69.80701754385964,
    70.57894736842105,
    70.7719298245614,
    71.82456140350877,
    70.98245614035088,
    71.29824561403508,
    71.45614035087719,
    72.10526315789474,
    72.40350877192982,
    72.84210526315789,
    72.64912280701755,
    72.78947368421052,
    72.89473684210526,
    72.64912280701755,
    72.91228070175438,
    73.40350877192982,
    73.17543859649123,
    72.6842105263158,
    72.6842105263158,
    72.7719298245614,
    72.70175438596492,
    72.36842105263158,
    72.2280701754386,
    72.2280701754386,
    72.50877192982456,
    72.29824561403508,
    72.28070175438596,
    72.10526315789474,
    72.29824561403508,
    72.43859649122807,
    72.59649122807018,
    72.7719298245614,
    72.3157894736842,
    72.2280701754386,
    72.36842105263158,
    72.33333333333333,
    72.40350877192982,
    72.33333333333333,
    72.29824561403508,
    72.29824561403508,
    72.3859649122807,
    72.49122807017544,
    72.49122807017544
  ],
  "val_f1": [
    76.55134541460735,
    77.15415019762845,
    77.47485442032821,
    77.41208859967463,
    77.14831317632081,
    77.23913315796067,
    77.39208402715512,
    77.6348278102664,
    77.86722977431701,
    77.91036860249271,
    78.07807807807808,
    77.92900987456632,
    77.89189189189189,
    77.992695793318,
    77.94729542302358,
    78.05830659785187,
    77.84139707987403,
    78.00197544800339,
    78.05292203197962,
    78.01963294921042,
    77.83307265747192,
    77.82883400344629,
    78.05442964678633,
    77.97781938643237,
    78.11665495432186,
    78.11665495432186,
    78.13468582699352,
    78.15833801235262,
    78.2308223911541,
    78.25848097788766,
    78.21059876118376,
    78.26931077520454,
    78.30745981590879,
    78.25488576933664,
    78.33787465940054,
    78.28359235318388,
    78.33402289339402,
    78.28142380422692,
    78.36632283245052,
    78.27044891214541,
    78.23456620376736,
    78.31474597273854,
    78.23326432022084,
    78.27047934797623,
    78.28720914222772,
    78.19964103272125,
    78.19964103272125,
    78.24765063571034,
    78.25845812534665,
    78.25845812534665
  ],
  "val_auc": [
    77.67548836758826,
    78.36333605936288,
    79.09498754123356,
    78.93893572975328,
    78.78432116944079,
    79.04332418844511,
    79.3707584905289,
    79.37263598079315,
    79.4991852987074,
    79.62354636934818,
    79.57505532769585,
    79.5596210629029,
    79.46696368131039,
    79.64763003756534,
    79.66479288822225,
    79.75945076806184,
    79.76104339773427,
    79.81796372326261,
    79.93805835913048,
    79.992298405454,
    79.9406091562481,
    79.95654840118108,
    80.07286216010306,
    79.96598764533718,
    79.89003345299206,
    79.91794979099001,
    79.95077350009245,
    79.97801653123703,
    79.93672469363244,
    79.94691493389422,
    79.94799610932225,
    79.9116440133439,
    79.93065198374326,
    79.92235218195445,
    79.94466194557714,
    79.94956284257724,
    79.91671971116172,
    79.92059122556867,
    79.92125158421332,
    79.91908923335728,
    79.9224557676242,
    79.93427748218456,
    79.92899461302724,
    79.92715596738915,
    79.9295772824196,
    79.93052250165607,
    79.92817887587795,
    79.92782927424254,
    79.92777748140767,
    79.92775158499023
  ],
  "metadata": {
    "random_seed": 42,
    "deterministic": false,
    "pytorch_version": "2.5.1.post302",
    "cuda_version": "12.6",
    "model_name": "swin_v2_b",
    "timestamp": "2025-02-28T11:00:52.419672"
  }
}